date,time,country_1,country_2,post_status,platform,image_filename,caption
2026-06-22,2:00 PM,Mexico,South Korea,draft,Facebook,mexico-vs-south-korea.png,"CUP MATCHUP
Mexico vs South Korea.
2026-06-22 at 2:00 PM.
Actual drinking cups. Not that other thing.
Watch every game at Malone's Pub.
Cold beer | Full bar | Big screens | Downtown Fort Worth."
2026-06-23,11:00 AM,Spain,Cape Verde,draft,Facebook,spain-vs-cape-verde.png,"CUP MATCHUP
Spain vs Cape Verde.
2026-06-23 at 11:00 AM.
Actual drinking cups. Not that other thing.
Watch every game at Malone's Pub.
Cold beer | Full bar | Big screens | Downtown Fort Worth."
2026-06-24,5:00 PM,USA,Czechia,draft,Facebook,usa-vs-czechia.png,"CUP MATCHUP
USA vs Czechia.
2026-06-24 at 5:00 PM.
Actual drinking cups. Not that other thing.
Watch every game at Malone's Pub.
Cold beer | Full bar | Big screens | Downtown Fort Worth."
2026-06-25,2:00 PM,Brazil,Argentina,draft,Facebook,brazil-vs-argentina.png,"CUP MATCHUP
Brazil vs Argentina.
2026-06-25 at 2:00 PM.
Actual drinking cups. Not that other thing.
Watch every game at Malone's Pub.
Cold beer | Full bar | Big screens | Downtown Fort Worth."
2026-06-26,8:00 PM,England,Germany,draft,Facebook,england-vs-germany.png,"CUP MATCHUP
England vs Germany.
2026-06-26 at 8:00 PM.
Actual drinking cups. Not that other thing.
Watch every game at Malone's Pub.
Cold beer | Full bar | Big screens | Downtown Fort Worth."
